filename,width,height,class,xmin,ymin,xmax,ymax
1511.jpeg,640,480,drone,205,119,404,375
1270.jpeg,480,640,drone,96,224,361,445
1032.jpeg,640,480,drone,156,165,385,376
1190.jpeg,640,480,drone,213,157,438,400
310.jpeg,480,640,drone,125,142,314,371
709.jpeg,640,480,drone,238,229,427,365
1325.jpeg,640,480,drone,176,147,436,356
1009.jpeg,640,480,drone,107,220,372,417
75.jpeg,480,640,drone,34,247,337,569
1385.jpeg,640,480,drone,202,134,453,355
875.jpeg,640,480,drone,164,192,489,335
1505.jpeg,480,640,drone,80,174,393,420
1055.jpeg,480,640,drone,32,71,246,352
808.jpeg,640,480,drone,202,221,444,404
855.jpeg,640,480,drone,273,85,569,399
170.jpeg,480,640,drone,78,266,233,456
1165.jpeg,640,480,drone,238,115,449,379
652.jpeg,640,480,drone,309,111,518,292
491.jpeg,640,480,drone,81,189,341,414
396.jpeg,480,640,drone,159,188,338,341
1185.jpeg,640,480,drone,250,151,466,378
648.jpeg,640,480,drone,194,234,398,450
1098.jpeg,640,480,drone,263,241,422,469
626.jpeg,480,640,drone,184,197,362,456
305.jpeg,640,480,drone,124,127,405,340
113.jpeg,480,640,drone,35,162,287,560
24.jpeg,480,640,drone,50,93,263,349
1239.jpeg,480,640,drone,147,214,353,452
678.jpeg,480,640,drone,60,178,322,548
1537.jpeg,640,480,drone,260,132,486,340
668.jpeg,480,640,drone,75,146,299,406
611.jpeg,640,480,drone,155,240,442,449
1477.jpeg,640,480,drone,193,108,407,374
439.jpeg,640,480,drone,131,252,504,425
583.jpeg,640,480,drone,262,225,487,424
670.jpeg,640,480,drone,148,196,459,418
1660.jpeg,640,480,drone,178,139,424,350
111.jpeg,480,640,drone,41,171,261,413
1424.jpeg,640,480,drone,253,136,464,404
1646.jpeg,640,480,drone,235,137,450,351
1200.jpeg,480,640,drone,31,213,353,428
1243.jpeg,640,480,drone,191,147,422,351
576.jpeg,640,480,drone,321,116,597,337
1508.jpeg,640,480,drone,200,114,413,382
1334.jpeg,640,480,drone,205,159,433,383
136.jpeg,640,480,drone,208,210,416,399
1221.jpeg,480,640,drone,159,194,388,443
1141.jpeg,480,640,drone,133,202,357,423
490.jpeg,480,640,drone,104,83,325,452
333.jpeg,640,480,drone,201,156,506,413
357.jpeg,640,480,drone,132,172,475,448
770.jpeg,640,480,drone,147,167,394,361
812.jpeg,640,480,drone,257,161,519,391
1131.jpeg,640,480,drone,191,132,465,357
1218.jpeg,480,640,drone,112,237,354,449
238.jpeg,640,480,drone,183,166,505,468
1523.jpeg,640,480,drone,204,148,409,347
1184.jpeg,480,640,drone,132,153,340,379
100.jpeg,480,640,drone,148,151,305,336
594.jpeg,640,480,drone,140,167,459,378
1073.jpeg,640,480,drone,322,65,614,288
475.jpeg,640,480,drone,149,232,390,445
466.jpeg,640,480,drone,217,194,405,368
1378.jpeg,480,640,drone,115,215,334,429
1248.jpeg,640,480,drone,162,139,438,354
469.jpeg,480,640,drone,176,152,478,490
619.jpeg,480,640,drone,150,188,355,519
1466.jpeg,480,640,drone,87,198,357,495
255.jpeg,640,480,drone,19,161,278,404
1434.jpeg,480,640,drone,94,216,352,426
631.jpeg,640,480,drone,105,179,516,396
777.jpeg,480,640,drone,75,109,270,401
1290.jpeg,640,480,drone,206,144,440,367
363.jpeg,640,480,drone,119,146,406,446
1463.jpeg,640,480,drone,236,133,449,356
817.jpeg,480,640,drone,157,209,396,543
884.jpeg,480,640,drone,196,95,458,510
632.jpeg,640,480,drone,111,165,509,398
986.jpeg,480,640,drone,209,231,328,360
1201.jpeg,480,640,drone,169,189,394,429
1437.jpeg,480,640,drone,112,215,376,465
304.jpeg,480,640,drone,204,220,442,513
1510.jpeg,480,640,drone,133,193,365,416
230.jpeg,480,640,drone,119,254,248,402
108.jpeg,480,640,drone,65,117,272,392
771.jpeg,640,480,drone,337,234,526,455
362.jpeg,640,480,drone,85,164,321,364
1630.jpeg,640,480,drone,199,134,417,361
14.jpeg,480,640,drone,157,126,363,467
250.jpeg,480,640,drone,93,156,264,523
1538.jpeg,480,640,drone,132,204,331,409
1663.jpeg,640,480,drone,162,139,438,354
180.jpeg,480,640,drone,175,258,443,475
663.jpeg,640,480,drone,192,195,432,364
115.jpeg,480,640,drone,156,329,386,600
254.jpeg,640,480,drone,211,167,485,363
1004.jpeg,640,480,drone,133,165,465,456
12.jpeg,640,480,drone,290,246,516,419
1054.jpeg,640,480,drone,266,103,565,367
866.jpeg,640,480,drone,127,191,555,438
114.jpeg,480,640,drone,193,310,335,466
572.jpeg,480,640,drone,189,121,454,464
1668.jpeg,480,640,drone,131,196,370,466
1374.jpeg,480,640,drone,113,185,347,431
1556.jpeg,640,480,drone,205,159,433,383
58.jpeg,640,480,drone,264,219,402,325
1618.jpeg,640,480,drone,216,127,426,385
798.jpeg,640,480,drone,142,165,371,354
1342.jpeg,480,640,drone,127,215,342,438
948.jpeg,640,480,drone,92,155,380,417
1193.jpeg,640,480,drone,170,117,428,372
122.jpeg,640,480,drone,17,140,422,387
510.jpeg,640,480,drone,215,242,338,360
1113.jpeg,640,480,drone,222,141,447,355
356.jpeg,640,480,drone,132,183,429,395
1019.jpeg,480,640,drone,87,220,406,538
899.jpeg,640,480,drone,257,212,478,441
91.jpeg,640,480,drone,116,204,376,408
1237.jpeg,640,480,drone,193,95,405,386
36.jpeg,640,480,drone,148,155,357,345
1242.jpeg,640,480,drone,195,133,461,356
18.jpeg,640,480,drone,139,216,393,425
1230.jpeg,480,640,drone,86,174,386,421
1050.jpeg,480,640,drone,151,117,352,351
1611.jpeg,480,640,drone,103,200,360,414
1532.jpeg,640,480,drone,239,111,448,385
311.jpeg,640,480,drone,194,220,422,424
823.jpeg,640,480,drone,72,241,357,455
581.jpeg,640,480,drone,165,159,522,361
969.jpeg,640,480,drone,252,237,404,356
274.jpeg,640,480,drone,142,165,371,354
584.jpeg,480,640,drone,186,181,380,405
1640.jpeg,640,480,drone,216,137,347,228
200.jpeg,480,640,drone,193,129,457,457
1261.jpeg,480,640,drone,137,189,351,404
1420.jpeg,480,640,drone,159,189,389,446
881.jpeg,640,480,drone,122,194,365,395
413.jpeg,640,480,drone,102,195,369,432
376.jpeg,640,480,drone,335,233,526,395
242.jpeg,480,640,drone,92,157,318,436
1035.jpeg,640,480,drone,188,171,456,390
1316.jpeg,480,640,drone,133,178,356,444
1013.jpeg,640,480,drone,95,188,337,392
1249.jpeg,640,480,drone,216,129,437,361
479.jpeg,640,480,drone,154,112,345,400
1275.jpeg,480,640,drone,79,213,322,438
487.jpeg,480,640,drone,174,280,317,474
1159.jpeg,480,640,drone,129,145,338,385
1596.jpeg,640,480,drone,215,137,438,352
150.jpeg,640,480,drone,231,256,422,392
191.jpeg,640,480,drone,208,144,549,410
973.jpeg,640,480,drone,157,121,409,344
1063.jpeg,640,480,drone,188,169,486,347
736.jpeg,640,480,drone,224,242,400,418
1028.jpeg,480,640,drone,129,321,326,474
1593.jpeg,640,480,drone,199,136,475,359
1347.jpeg,640,480,drone,216,137,347,228
188.jpeg,480,640,drone,229,214,363,380
1283.jpeg,640,480,drone,223,137,446,360
1573.jpeg,480,640,drone,84,207,309,455
553.jpeg,640,480,drone,99,181,409,448
837.jpeg,480,640,drone,189,298,414,558
1157.jpeg,480,640,drone,160,180,392,453
497.jpeg,640,480,drone,266,163,417,305
30.jpeg,480,640,drone,75,114,261,380
307.jpeg,640,480,drone,154,234,399,454
1662.jpeg,480,640,drone,52,204,352,425
33.jpeg,480,640,drone,233,235,450,491
1575.jpeg,640,480,drone,183,141,514,364
447.jpeg,640,480,drone,107,212,589,467
1096.jpeg,480,640,drone,81,155,302,405
507.jpeg,480,640,drone,33,124,232,458
1501.jpeg,480,640,drone,141,249,354,502
1060.jpeg,480,640,drone,162,183,343,381
1421.jpeg,640,480,drone,137,114,457,383
562.jpeg,480,640,drone,228,293,461,571
1049.jpeg,640,480,drone,290,132,514,294
1367.jpeg,640,480,drone,257,131,490,339
1176.jpeg,640,480,drone,270,97,489,391
340.jpeg,640,480,drone,198,191,404,451
905.jpeg,480,640,drone,166,182,325,380
116.jpeg,640,480,drone,171,205,420,424
1590.jpeg,640,480,drone,200,108,413,387
1417.jpeg,640,480,drone,196,142,452,371
182.jpeg,640,480,drone,132,182,473,449
1569.jpeg,480,640,drone,121,206,342,467
1215.jpeg,640,480,drone,260,132,486,340
57.jpeg,640,480,drone,133,214,352,392
997.jpeg,640,480,drone,187,130,483,401
1586.jpeg,640,480,drone,199,134,417,361
1392.jpeg,640,480,drone,198,156,462,410
1025.jpeg,640,480,drone,201,156,506,413
460.jpeg,640,480,drone,156,125,386,332
1186.jpeg,640,480,drone,205,159,433,383
127.jpeg,640,480,drone,146,180,406,404
1633.jpeg,640,480,drone,225,108,444,396
730.jpeg,480,640,drone,161,179,406,523
949.jpeg,480,640,drone,191,214,448,587
647.jpeg,480,640,drone,152,260,242,385
1366.jpeg,480,640,drone,147,210,353,455
1214.jpeg,640,480,drone,170,117,428,372
162.jpeg,480,640,drone,92,83,307,496
868.jpeg,640,480,drone,266,103,565,367
674.jpeg,480,640,drone,92,132,294,419
940.jpeg,480,640,drone,201,257,405,481
293.jpeg,640,480,drone,141,163,373,358
705.jpeg,640,480,drone,315,108,518,304
909.jpeg,480,640,drone,168,213,404,454
989.jpeg,480,640,drone,64,193,258,447
788.jpeg,640,480,drone,105,228,391,413
803.jpeg,640,480,drone,279,209,408,328
551.jpeg,480,640,drone,69,142,285,472
217.jpeg,480,640,drone,186,279,426,488
1357.jpeg,640,480,drone,173,131,443,370
1497.jpeg,640,480,drone,252,127,498,338
161.jpeg,640,480,drone,275,63,622,297
222.jpeg,480,640,drone,220,216,392,406
946.jpeg,480,640,drone,97,255,304,477
1426.jpeg,640,480,drone,168,141,535,363
1582.jpeg,640,480,drone,197,142,495,365
605.jpeg,640,480,drone,89,192,482,415
781.jpeg,640,480,drone,199,202,435,382
405.jpeg,480,640,drone,139,142,383,419
1302.jpeg,640,480,drone,213,145,434,419
448.jpeg,480,640,drone,171,272,398,532
1544.jpeg,480,640,drone,148,227,348,438
1172.jpeg,640,480,drone,194,148,419,350
1419.jpeg,640,480,drone,147,115,449,379
1349.jpeg,640,480,drone,260,132,486,340
1433.jpeg,480,640,drone,101,151,364,445
105.jpeg,640,480,drone,236,97,512,402
386.jpeg,480,640,drone,231,159,467,565
1620.jpeg,640,480,drone,194,148,419,350
1405.jpeg,480,640,drone,101,250,328,466
1007.jpeg,480,640,drone,52,169,274,401
557.jpeg,480,640,drone,105,18,368,477
628.jpeg,640,480,drone,88,202,418,409
224.jpeg,640,480,drone,50,248,517,471
1650.jpeg,640,480,drone,256,119,461,435
1645.jpeg,480,640,drone,108,204,355,405
708.jpeg,640,480,drone,132,194,538,457
47.jpeg,640,480,drone,255,69,441,305
744.jpeg,640,480,drone,58,213,339,471
1539.jpeg,480,640,drone,88,218,377,435
872.jpeg,640,480,drone,261,237,431,357
1297.jpeg,640,480,drone,212,169,446,393
50.jpeg,640,480,drone,183,166,505,468
774.jpeg,480,640,drone,38,152,306,565
1099.jpeg,480,640,drone,274,232,457,563
533.jpeg,480,640,drone,168,238,408,486
1381.jpeg,640,480,drone,187,141,508,365
1212.jpeg,640,480,drone,210,157,442,401
130.jpeg,640,480,drone,186,182,509,433
219.jpeg,640,480,drone,256,232,409,363
1295.jpeg,640,480,drone,204,144,408,351
702.jpeg,640,480,drone,70,174,466,424
1219.jpeg,480,640,drone,95,251,331,465
1444.jpeg,640,480,drone,197,142,495,365
1348.jpeg,640,480,drone,192,114,407,370
478.jpeg,640,480,drone,132,185,419,387
1598.jpeg,480,640,drone,115,175,338,524
1400.jpeg,480,640,drone,87,216,357,425
1607.jpeg,480,640,drone,127,215,342,438
96.jpeg,640,480,drone,123,160,494,396
1039.jpeg,640,480,drone,148,126,453,407
1479.jpeg,640,480,drone,194,148,419,350
1546.jpeg,480,640,drone,115,215,334,429
398.jpeg,640,480,drone,200,243,341,378
761.jpeg,640,480,drone,31,166,401,467
809.jpeg,640,480,drone,66,147,361,469
549.jpeg,640,480,drone,262,240,420,478
1030.jpeg,640,480,drone,69,120,472,470
1339.jpeg,640,480,drone,173,131,443,370
617.jpeg,640,480,drone,152,197,439,425
731.jpeg,640,480,drone,101,237,372,424
1220.jpeg,640,480,drone,192,140,411,346
1211.jpeg,640,480,drone,216,137,347,228
454.jpeg,480,640,drone,87,124,289,404
896.jpeg,640,480,drone,62,100,447,368
249.jpeg,480,640,drone,31,158,255,449
1589.jpeg,480,640,drone,148,230,347,435
102.jpeg,480,640,drone,153,258,243,371
504.jpeg,640,480,drone,231,244,393,349
930.jpeg,640,480,drone,88,202,418,409
183.jpeg,640,480,drone,140,215,452,444
1379.jpeg,480,640,drone,159,206,383,434
1370.jpeg,480,640,drone,169,193,393,427
342.jpeg,480,640,drone,47,247,256,528
94.jpeg,640,480,drone,276,140,427,319
1456.jpeg,640,480,drone,197,128,495,384
526.jpeg,640,480,drone,107,171,367,398
120.jpeg,640,480,drone,140,167,459,378
911.jpeg,480,640,drone,178,175,373,459
1093.jpeg,640,480,drone,266,163,417,305
859.jpeg,640,480,drone,59,268,488,475
585.jpeg,480,640,drone,88,257,318,519
850.jpeg,480,640,drone,58,72,315,398
961.jpeg,640,480,drone,64,207,406,421
1320.jpeg,480,640,drone,139,260,347,486
81.jpeg,480,640,drone,203,155,374,476
937.jpeg,640,480,drone,149,232,390,445
1006.jpeg,480,640,drone,204,79,426,470
277.jpeg,640,480,drone,212,178,439,367
996.jpeg,640,480,drone,196,243,463,445
520.jpeg,640,480,drone,216,182,463,405
1125.jpeg,640,480,drone,235,137,450,351
655.jpeg,480,640,drone,196,180,418,491
1397.jpeg,640,480,drone,180,160,468,396
1245.jpeg,640,480,drone,175,72,418,412
522.jpeg,640,480,drone,52,191,425,448
669.jpeg,480,640,drone,131,176,366,455
48.jpeg,640,480,drone,258,236,371,326
35.jpeg,640,480,drone,92,126,425,423
1483.jpeg,640,480,drone,199,142,449,370
563.jpeg,480,640,drone,187,90,384,564
1659.jpeg,640,480,drone,176,147,436,356
554.jpeg,640,480,drone,176,141,455,358
1163.jpeg,640,480,drone,217,113,436,379
552.jpeg,640,480,drone,116,161,460,406
768.jpeg,640,480,drone,259,233,426,354
1132.jpeg,480,640,drone,132,153,340,379
588.jpeg,640,480,drone,175,189,518,454
1493.jpeg,480,640,drone,31,213,353,428
355.jpeg,640,480,drone,82,151,569,434
995.jpeg,640,480,drone,271,159,425,297
1376.jpeg,480,640,drone,101,250,328,466
1678.jpeg,640,480,drone,219,95,434,398
317.jpeg,640,480,drone,410,223,620,407
481.jpeg,640,480,drone,255,214,374,314
1079.jpeg,480,640,drone,92,231,224,416
168.jpeg,480,640,drone,217,38,427,487
501.jpeg,640,480,drone,257,244,441,390
870.jpeg,480,640,drone,126,127,321,347
1671.jpeg,480,640,drone,125,137,338,390
1332.jpeg,640,480,drone,223,133,465,353
1625.jpeg,480,640,drone,44,256,360,461
124.jpeg,640,480,drone,132,186,350,386
890.jpeg,480,640,drone,165,254,376,483
87.jpeg,640,480,drone,56,184,319,400
408.jpeg,640,480,drone,262,45,591,382
360.jpeg,480,640,drone,132,173,331,499
1346.jpeg,640,480,drone,231,144,500,383
1213.jpeg,480,640,drone,75,192,308,479
914.jpeg,480,640,drone,185,60,464,575
158.jpeg,640,480,drone,97,174,521,385
902.jpeg,480,640,drone,80,117,264,326
815.jpeg,640,480,drone,264,219,402,325
1340.jpeg,480,640,drone,66,191,322,472
779.jpeg,640,480,drone,117,197,441,426
15.jpeg,640,480,drone,272,156,425,300
1169.jpeg,480,640,drone,148,230,347,435
514.jpeg,640,480,drone,197,238,403,438
879.jpeg,640,480,drone,205,123,492,325
718.jpeg,640,480,drone,279,209,408,328
1204.jpeg,640,480,drone,250,151,466,378
1489.jpeg,480,640,drone,125,206,344,449
1369.jpeg,640,480,drone,204,170,459,397
154.jpeg,640,480,drone,116,199,353,411
677.jpeg,480,640,drone,61,116,258,344
42.jpeg,640,480,drone,156,215,523,386
1576.jpeg,480,640,drone,126,211,448,426
763.jpeg,480,640,drone,101,200,236,341
367.jpeg,640,480,drone,3,112,256,425
1011.jpeg,640,480,drone,73,168,407,448
1262.jpeg,640,480,drone,193,136,410,350
16.jpeg,640,480,drone,94,137,404,367
1629.jpeg,640,480,drone,235,137,450,351
560.jpeg,640,480,drone,247,230,399,380
1551.jpeg,480,640,drone,122,191,347,465
1606.jpeg,640,480,drone,204,140,408,355
118.jpeg,480,640,drone,118,117,319,391
811.jpeg,640,480,drone,72,217,541,421
664.jpeg,480,640,drone,30,132,297,473
1577.jpeg,640,480,drone,205,108,402,387
598.jpeg,640,480,drone,82,151,569,434
1407.jpeg,480,640,drone,144,239,359,516
1052.jpeg,640,480,drone,181,172,440,378
756.jpeg,640,480,drone,169,204,560,426
1529.jpeg,640,480,drone,192,140,411,346
1679.jpeg,480,640,drone,55,198,380,495
1387.jpeg,480,640,drone,146,149,382,402
739.jpeg,480,640,drone,114,226,282,470
306.jpeg,640,480,drone,251,174,486,382
1472.jpeg,640,480,drone,192,140,411,346
684.jpeg,480,640,drone,192,157,415,550
1560.jpeg,480,640,drone,108,237,387,434
1692.jpeg,640,480,drone,192,140,411,346
609.jpeg,480,640,drone,194,101,457,507
1448.jpeg,480,640,drone,137,172,358,433
1298.jpeg,640,480,drone,192,140,411,346
687.jpeg,640,480,drone,169,204,560,426
1345.jpeg,640,480,drone,216,137,347,228
112.jpeg,640,480,drone,4,161,321,415
324.jpeg,480,640,drone,251,219,374,378
523.jpeg,640,480,drone,222,238,404,395
640.jpeg,640,480,drone,159,170,551,439
1572.jpeg,480,640,drone,103,200,360,414
908.jpeg,640,480,drone,325,149,479,298
1083.jpeg,480,640,drone,107,269,274,392
1398.jpeg,640,480,drone,216,132,426,380
1686.jpeg,640,480,drone,175,64,417,419
1314.jpeg,640,480,drone,200,130,416,366
29.jpeg,640,480,drone,344,95,601,411
525.jpeg,640,480,drone,120,132,445,358
27.jpeg,640,480,drone,272,164,429,322
453.jpeg,640,480,drone,116,204,376,408
65.jpeg,640,480,drone,177,191,558,396
780.jpeg,480,640,drone,94,255,254,420
936.jpeg,480,640,drone,172,162,410,529
1266.jpeg,640,480,drone,192,171,479,404
838.jpeg,640,480,drone,156,125,386,332
1124.jpeg,480,640,drone,141,192,355,417
302.jpeg,640,480,drone,150,208,394,448
1181.jpeg,480,640,drone,103,156,364,440
968.jpeg,480,640,drone,189,180,375,405
988.jpeg,640,480,drone,258,236,371,326
1566.jpeg,480,640,drone,159,206,383,434
189.jpeg,640,480,drone,126,169,385,366
727.jpeg,640,480,drone,262,150,459,350
235.jpeg,640,480,drone,162,176,503,419
927.jpeg,640,480,drone,73,142,323,442
1137.jpeg,640,480,drone,238,120,449,373
1091.jpeg,480,640,drone,131,288,386,483
1148.jpeg,640,480,drone,199,134,417,361
1498.jpeg,640,480,drone,215,145,429,364
1689.jpeg,640,480,drone,215,137,438,352
400.jpeg,640,480,drone,149,152,396,428
1017.jpeg,640,480,drone,132,208,428,373
1258.jpeg,640,480,drone,173,117,425,371
1273.jpeg,640,480,drone,213,157,438,400
500.jpeg,480,640,drone,209,322,405,513
1442.jpeg,480,640,drone,60,175,415,417
339.jpeg,480,640,drone,113,252,373,528
512.jpeg,480,640,drone,56,85,309,393
88.jpeg,640,480,drone,127,231,456,408
749.jpeg,640,480,drone,199,189,451,402
627.jpeg,640,480,drone,107,136,449,397
1042.jpeg,480,640,drone,125,200,308,396
630.jpeg,640,480,drone,76,167,378,427
489.jpeg,640,480,drone,103,156,467,357
152.jpeg,640,480,drone,63,84,373,315
856.jpeg,480,640,drone,219,209,330,359
313.jpeg,480,640,drone,106,132,271,428
1278.jpeg,640,480,drone,198,156,462,410
63.jpeg,640,480,drone,141,169,366,371
377.jpeg,640,480,drone,294,137,506,297
729.jpeg,640,480,drone,256,232,409,363
1259.jpeg,480,640,drone,133,192,339,411
895.jpeg,640,480,drone,265,257,476,438
1315.jpeg,640,480,drone,235,137,450,351
1470.jpeg,640,480,drone,251,148,465,384
284.jpeg,640,480,drone,110,195,500,435
920.jpeg,480,640,drone,70,189,286,470
1509.jpeg,640,480,drone,172,141,529,364
539.jpeg,640,480,drone,202,201,410,430
44.jpeg,640,480,drone,140,185,500,433
696.jpeg,640,480,drone,165,217,434,439
1698.jpeg,640,480,drone,213,153,436,406
278.jpeg,640,480,drone,262,231,438,378
473.jpeg,640,480,drone,104,110,422,387
1183.jpeg,640,480,drone,192,140,411,346
467.jpeg,480,640,drone,71,116,275,376
692.jpeg,640,480,drone,104,52,471,342
372.jpeg,480,640,drone,195,139,435,529
1609.jpeg,640,480,drone,173,117,425,371
641.jpeg,480,640,drone,69,142,285,472
1352.jpeg,640,480,drone,249,125,502,338
1672.jpeg,640,480,drone,202,134,453,355
1587.jpeg,480,640,drone,117,214,371,466
1207.jpeg,640,480,drone,257,131,490,339
422.jpeg,640,480,drone,223,276,387,417
1558.jpeg,480,640,drone,132,153,340,379
425.jpeg,640,480,drone,91,192,345,401
1527.jpeg,480,640,drone,129,145,338,385
959.jpeg,480,640,drone,105,210,402,498
418.jpeg,640,480,drone,142,171,368,357
273.jpeg,640,480,drone,149,229,466,413
952.jpeg,480,640,drone,194,177,412,437
1047.jpeg,640,480,drone,36,184,366,426
582.jpeg,480,640,drone,111,181,240,332
409.jpeg,480,640,drone,157,213,438,541
140.jpeg,640,480,drone,164,225,427,448
1036.jpeg,480,640,drone,234,198,377,352
1382.jpeg,480,640,drone,151,173,378,389
813.jpeg,480,640,drone,226,147,425,378
1584.jpeg,640,480,drone,239,111,448,385
1364.jpeg,480,640,drone,73,189,307,484
957.jpeg,640,480,drone,83,130,347,418
327.jpeg,640,480,drone,139,158,440,377
931.jpeg,640,480,drone,179,134,443,323
1322.jpeg,640,480,drone,215,145,429,364
1661.jpeg,640,480,drone,174,86,420,399
206.jpeg,640,480,drone,101,136,402,473
1319.jpeg,640,480,drone,205,159,433,383
1608.jpeg,640,480,drone,218,105,422,411
917.jpeg,640,480,drone,260,237,385,327
429.jpeg,640,480,drone,153,205,390,410
977.jpeg,480,640,drone,130,231,235,393
78.jpeg,640,480,drone,80,150,487,405
299.jpeg,640,480,drone,263,143,459,361
471.jpeg,640,480,drone,188,169,486,347
789.jpeg,640,480,drone,153,151,342,392
23.jpeg,640,480,drone,261,251,420,374
1119.jpeg,640,480,drone,215,145,429,364
1530.jpeg,640,480,drone,189,141,461,373
806.jpeg,640,480,drone,259,150,426,301
1081.jpeg,640,480,drone,335,233,526,395
84.jpeg,640,480,drone,230,192,441,382
174.jpeg,640,480,drone,192,195,432,364
178.jpeg,480,640,drone,204,230,438,479
710.jpeg,480,640,drone,186,84,447,445
753.jpeg,640,480,drone,122,116,454,407
1254.jpeg,640,480,drone,211,140,438,441
1647.jpeg,640,480,drone,204,170,459,397
22.jpeg,640,480,drone,288,88,575,334
621.jpeg,640,480,drone,215,185,537,469
237.jpeg,640,480,drone,161,144,401,319
1526.jpeg,640,480,drone,175,64,417,419
694.jpeg,480,640,drone,84,200,317,437
829.jpeg,480,640,drone,119,113,346,391
474.jpeg,640,480,drone,278,35,557,252
791.jpeg,640,480,drone,234,44,617,347
1414.jpeg,640,480,drone,225,108,444,396
1075.jpeg,640,480,drone,288,88,575,334
1005.jpeg,640,480,drone,2,176,264,411
1031.jpeg,640,480,drone,279,213,402,328
665.jpeg,640,480,drone,284,216,424,354
1051.jpeg,480,640,drone,40,202,267,419
1458.jpeg,640,480,drone,212,169,446,393
1097.jpeg,640,480,drone,154,148,489,476
793.jpeg,640,480,drone,194,204,436,445
472.jpeg,480,640,drone,120,45,362,517
338.jpeg,480,640,drone,136,246,247,404
452.jpeg,480,640,drone,184,301,388,587
695.jpeg,480,640,drone,159,145,450,458
1654.jpeg,640,480,drone,192,140,411,346
592.jpeg,480,640,drone,97,147,305,360
671.jpeg,640,480,drone,86,126,638,346
1545.jpeg,640,480,drone,197,142,495,365
393.jpeg,640,480,drone,204,207,433,423
1153.jpeg,640,480,drone,200,108,413,387
1046.jpeg,640,480,drone,181,159,494,450
1102.jpeg,640,480,drone,111,159,474,372
841.jpeg,480,640,drone,80,117,264,326
37.jpeg,480,640,drone,151,117,352,351
287.jpeg,640,480,drone,79,200,349,406
1021.jpeg,480,640,drone,175,337,436,541
417.jpeg,480,640,drone,238,163,469,350
757.jpeg,640,480,drone,131,190,536,466
309.jpeg,640,480,drone,205,229,430,435
1206.jpeg,640,480,drone,205,159,433,383
458.jpeg,480,640,drone,125,259,246,424
412.jpeg,640,480,drone,325,149,479,298
407.jpeg,640,480,drone,190,95,481,362
1702.jpeg,480,640,drone,119,235,375,434
248.jpeg,480,640,drone,12,74,384,454
534.jpeg,640,480,drone,132,190,419,394
945.jpeg,640,480,drone,53,257,374,471
1615.jpeg,480,640,drone,159,206,383,434
618.jpeg,480,640,drone,112,269,253,412
1563.jpeg,480,640,drone,124,177,426,384
1112.jpeg,640,480,drone,173,117,425,371
323.jpeg,640,480,drone,127,191,555,438
7.jpeg,480,640,drone,56,275,307,606
955.jpeg,640,480,drone,96,138,465,362
488.jpeg,480,640,drone,112,270,271,393
432.jpeg,640,480,drone,314,220,493,386
1292.jpeg,480,640,drone,137,193,360,416
1411.jpeg,640,480,drone,216,137,347,228
70.jpeg,640,480,drone,120,132,445,358
589.jpeg,640,480,drone,148,178,528,382
1412.jpeg,640,480,drone,260,132,486,340
1562.jpeg,640,480,drone,175,64,417,419
700.jpeg,640,480,drone,205,146,564,439
1120.jpeg,480,640,drone,129,233,365,434
1155.jpeg,480,640,drone,169,193,393,427
1490.jpeg,640,480,drone,212,169,446,393
1554.jpeg,640,480,drone,219,132,470,353
1143.jpeg,640,480,drone,211,149,440,426
39.jpeg,640,480,drone,73,142,323,442
1274.jpeg,480,640,drone,160,175,394,456
1548.jpeg,640,480,drone,215,137,438,352
1519.jpeg,640,480,drone,174,112,424,376
1296.jpeg,640,480,drone,199,160,441,385
95.jpeg,640,480,drone,156,163,494,450
403.jpeg,640,480,drone,161,174,430,426
1257.jpeg,640,480,drone,192,140,411,346
426.jpeg,480,640,drone,94,97,305,521
690.jpeg,480,640,drone,195,139,435,529
871.jpeg,640,480,drone,131,192,331,454
201.jpeg,640,480,drone,112,193,415,420
204.jpeg,480,640,drone,90,117,301,416
1436.jpeg,480,640,drone,142,140,365,445
799.jpeg,480,640,drone,90,134,357,362
623.jpeg,640,480,drone,109,171,379,449
328.jpeg,640,480,drone,164,134,456,322
566.jpeg,480,640,drone,155,303,413,516
380.jpeg,480,640,drone,68,146,248,415
1406.jpeg,640,480,drone,251,145,465,389
1351.jpeg,640,480,drone,254,128,463,418
1072.jpeg,640,480,drone,120,208,358,403
575.jpeg,480,640,drone,84,295,346,526
385.jpeg,480,640,drone,102,318,417,595
1198.jpeg,640,480,drone,205,134,407,360
1222.jpeg,640,480,drone,222,141,447,355
660.jpeg,640,480,drone,127,169,459,424
353.jpeg,640,480,drone,218,243,416,402
877.jpeg,640,480,drone,84,100,418,450
1139.jpeg,480,640,drone,78,198,309,469
424.jpeg,640,480,drone,279,213,402,328
839.jpeg,640,480,drone,97,228,376,418
659.jpeg,480,640,drone,243,218,363,392
816.jpeg,480,640,drone,72,172,280,394
240.jpeg,640,480,drone,232,250,407,389
341.jpeg,480,640,drone,157,175,412,496
747.jpeg,640,480,drone,100,218,345,444
89.jpeg,640,480,drone,134,220,415,432
225.jpeg,480,640,drone,108,174,283,466
1649.jpeg,640,480,drone,224,118,445,383
925.jpeg,640,480,drone,96,209,446,449
1440.jpeg,640,480,drone,147,115,449,379
1041.jpeg,640,480,drone,280,215,429,343
1403.jpeg,480,640,drone,76,226,377,444
1371.jpeg,480,640,drone,141,252,352,498
748.jpeg,640,480,drone,193,157,440,461
1534.jpeg,480,640,drone,115,190,379,401
221.jpeg,640,480,drone,202,123,495,324
1664.jpeg,640,480,drone,205,132,426,420
1455.jpeg,640,480,drone,187,147,425,353
926.jpeg,480,640,drone,47,57,307,411
1311.jpeg,640,480,drone,254,129,494,338
1613.jpeg,480,640,drone,94,199,319,441
1331.jpeg,640,480,drone,198,105,496,415
998.jpeg,640,480,drone,267,157,430,295
795.jpeg,480,640,drone,9,150,298,489
1229.jpeg,640,480,drone,204,170,459,397
975.jpeg,640,480,drone,83,143,473,405
1067.jpeg,640,480,drone,160,204,409,438
253.jpeg,640,480,drone,124,247,458,446
511.jpeg,480,640,drone,162,188,369,407
567.jpeg,640,480,drone,149,232,390,445
402.jpeg,640,480,drone,172,222,408,426
434.jpeg,640,480,drone,169,204,560,426
232.jpeg,480,640,drone,111,62,379,447
559.jpeg,640,480,drone,77,175,372,441
257.jpeg,640,480,drone,141,169,366,371
1594.jpeg,640,480,drone,204,148,409,347
1235.jpeg,480,640,drone,127,215,342,438
1699.jpeg,640,480,drone,213,135,432,433
256.jpeg,640,480,drone,222,281,395,422
364.jpeg,640,480,drone,73,221,479,456
1410.jpeg,640,480,drone,198,133,457,355
1685.jpeg,640,480,drone,215,137,438,352
1372.jpeg,640,480,drone,213,153,436,406
1247.jpeg,640,480,drone,216,129,437,361
1681.jpeg,480,640,drone,127,213,385,423
1644.jpeg,640,480,drone,260,132,486,340
1336.jpeg,640,480,drone,205,159,433,383
915.jpeg,480,640,drone,167,255,406,543
228.jpeg,480,640,drone,218,242,381,400
1343.jpeg,480,640,drone,98,240,332,484
1550.jpeg,480,640,drone,110,216,338,428
941.jpeg,640,480,drone,126,204,419,442
1312.jpeg,480,640,drone,114,205,350,406
384.jpeg,640,480,drone,120,208,358,403
889.jpeg,640,480,drone,105,219,437,411
1418.jpeg,480,640,drone,94,239,368,448
942.jpeg,640,480,drone,245,156,568,408
1384.jpeg,480,640,drone,120,199,343,475
134.jpeg,480,640,drone,135,248,243,409
679.jpeg,640,480,drone,251,221,401,400
370.jpeg,640,480,drone,278,35,557,252
1324.jpeg,640,480,drone,192,140,411,346
1626.jpeg,480,640,drone,108,173,362,425
298.jpeg,480,640,drone,50,206,248,432
1701.jpeg,480,640,drone,125,230,359,447
759.jpeg,640,480,drone,126,211,395,400
686.jpeg,640,480,drone,156,215,523,386
1443.jpeg,640,480,drone,162,139,438,354
892.jpeg,480,640,drone,225,285,410,491
477.jpeg,640,480,drone,245,221,408,362
676.jpeg,480,640,drone,60,258,262,482
1056.jpeg,640,480,drone,200,111,485,315
368.jpeg,640,480,drone,256,232,409,363
1449.jpeg,640,480,drone,216,133,437,357
517.jpeg,640,480,drone,176,176,422,366
778.jpeg,480,640,drone,241,201,393,370
181.jpeg,480,640,drone,242,222,362,391
1535.jpeg,640,480,drone,205,113,403,381
1446.jpeg,640,480,drone,205,132,426,420
236.jpeg,480,640,drone,88,152,274,475
1228.jpeg,640,480,drone,209,137,445,353
1431.jpeg,640,480,drone,197,142,495,365
935.jpeg,640,480,drone,307,81,585,344
1111.jpeg,640,480,drone,205,108,402,387
1516.jpeg,480,640,drone,101,250,328,466
1144.jpeg,640,480,drone,182,140,421,349
947.jpeg,480,640,drone,58,64,272,406
316.jpeg,480,640,drone,127,157,369,407
752.jpeg,480,640,drone,123,332,384,565
532.jpeg,480,640,drone,281,244,422,417
1238.jpeg,640,480,drone,198,156,462,410
1423.jpeg,480,640,drone,96,205,320,433
441.jpeg,640,480,drone,34,192,591,471
28.jpeg,480,640,drone,132,265,380,482
1166.jpeg,640,480,drone,199,134,417,361
918.jpeg,640,480,drone,210,115,466,330
271.jpeg,640,480,drone,213,189,545,461
733.jpeg,480,640,drone,30,111,268,329
1564.jpeg,640,480,drone,199,134,417,361
521.jpeg,480,640,drone,178,222,423,526
546.jpeg,640,480,drone,258,242,437,388
1677.jpeg,480,640,drone,89,230,406,437
548.jpeg,640,480,drone,90,129,513,465
1108.jpeg,640,480,drone,229,136,457,351
524.jpeg,640,480,drone,177,191,558,396
864.jpeg,640,480,drone,72,186,374,381
169.jpeg,640,480,drone,53,197,518,413
1368.jpeg,640,480,drone,402,225,479,380
1061.jpeg,640,480,drone,119,201,417,411
1454.jpeg,640,480,drone,175,141,524,364
1250.jpeg,480,640,drone,94,218,371,435
1015.jpeg,480,640,drone,104,83,325,452
836.jpeg,640,480,drone,147,141,392,441
1502.jpeg,480,640,drone,139,201,354,477
980.jpeg,480,640,drone,73,116,318,460
1634.jpeg,640,480,drone,201,148,412,348
198.jpeg,640,480,drone,261,222,485,438
1256.jpeg,640,480,drone,189,159,454,391
928.jpeg,480,640,drone,209,238,404,530
1528.jpeg,640,480,drone,237,125,449,367
269.jpeg,480,640,drone,184,275,444,543
1130.jpeg,480,640,drone,143,243,357,511
482.jpeg,480,640,drone,152,267,368,508
1694.jpeg,640,480,drone,161,116,436,375
646.jpeg,640,480,drone,217,230,397,418
1390.jpeg,640,480,drone,262,125,486,351
832.jpeg,640,480,drone,232,162,451,369
1236.jpeg,640,480,drone,204,157,451,406
847.jpeg,480,640,drone,71,232,253,433
797.jpeg,480,640,drone,210,243,451,542
1682.jpeg,640,480,drone,204,148,409,347
1208.jpeg,640,480,drone,199,134,417,361
1579.jpeg,640,480,drone,197,142,495,365
1464.jpeg,640,480,drone,189,133,427,365
54.jpeg,480,640,drone,189,180,375,405
1164.jpeg,640,480,drone,206,144,440,367
416.jpeg,640,480,drone,145,169,359,387
1066.jpeg,480,640,drone,233,287,447,568
1329.jpeg,480,640,drone,141,192,355,417
737.jpeg,640,480,drone,311,114,515,294
1552.jpeg,480,640,drone,125,206,344,449
906.jpeg,480,640,drone,148,209,346,363
125.jpeg,640,480,drone,116,180,407,479
755.jpeg,480,640,drone,87,138,287,404
1123.jpeg,640,480,drone,235,137,450,351
1209.jpeg,640,480,drone,204,137,428,413
796.jpeg,640,480,drone,135,155,342,349
1409.jpeg,640,480,drone,204,170,459,397
923.jpeg,640,480,drone,264,219,402,325
1500.jpeg,480,640,drone,115,215,334,429
1585.jpeg,640,480,drone,202,159,437,384
1635.jpeg,640,480,drone,203,143,444,368
165.jpeg,480,640,drone,114,159,321,360
480.jpeg,480,640,drone,86,271,241,424
786.jpeg,640,480,drone,313,50,630,275
371.jpeg,640,480,drone,150,127,373,412
860.jpeg,640,480,drone,62,100,447,368
433.jpeg,480,640,drone,195,245,379,436
411.jpeg,480,640,drone,123,147,325,434
90.jpeg,640,480,drone,107,183,412,434
888.jpeg,640,480,drone,200,171,396,354
1160.jpeg,480,640,drone,102,224,356,446
387.jpeg,480,640,drone,164,271,310,429
1080.jpeg,480,640,drone,17,271,337,580
1580.jpeg,640,480,drone,224,123,446,377
807.jpeg,480,640,drone,48,144,257,456
1203.jpeg,640,480,drone,199,136,475,359
1404.jpeg,480,640,drone,118,199,345,417
762.jpeg,640,480,drone,134,136,355,398
286.jpeg,640,480,drone,261,237,431,357
1001.jpeg,480,640,drone,6,208,243,440
1106.jpeg,480,640,drone,88,240,374,448
1023.jpeg,640,480,drone,314,220,493,386
922.jpeg,640,480,drone,161,185,355,363
939.jpeg,480,640,drone,36,137,306,409
802.jpeg,640,480,drone,180,60,454,396
536.jpeg,480,640,drone,165,130,398,528
1427.jpeg,480,640,drone,153,198,419,428
1600.jpeg,480,640,drone,96,224,361,445
107.jpeg,640,480,drone,265,219,413,347
1328.jpeg,640,480,drone,211,144,439,433
1194.jpeg,640,480,drone,234,145,494,382
123.jpeg,640,480,drone,259,233,424,354
1673.jpeg,480,640,drone,132,153,340,379
1524.jpeg,640,480,drone,225,108,444,396
530.jpeg,640,480,drone,245,233,407,344
218.jpeg,480,640,drone,130,135,324,342
953.jpeg,640,480,drone,152,237,404,457
1388.jpeg,640,480,drone,225,113,445,389
446.jpeg,480,640,drone,91,129,290,358
1622.jpeg,640,480,drone,192,140,411,346
843.jpeg,640,480,drone,98,167,479,398
1048.jpeg,640,480,drone,197,238,403,438
1057.jpeg,640,480,drone,92,227,366,441
1652.jpeg,480,640,drone,125,137,338,390
913.jpeg,640,480,drone,104,191,495,412
252.jpeg,480,640,drone,132,209,437,441
565.jpeg,640,480,drone,90,217,405,457
963.jpeg,480,640,drone,233,200,387,353
1134.jpeg,640,480,drone,254,128,463,418
67.jpeg,480,640,drone,27,183,289,584
1288.jpeg,640,480,drone,175,141,524,364
1667.jpeg,640,480,drone,229,136,457,351
719.jpeg,480,640,drone,152,182,396,502
834.jpeg,640,480,drone,226,197,470,365
921.jpeg,640,480,drone,101,163,584,448
612.jpeg,640,480,drone,124,247,458,446
685.jpeg,640,480,drone,238,229,427,365
1109.jpeg,640,480,drone,213,157,438,400
593.jpeg,480,640,drone,111,312,334,605
1517.jpeg,640,480,drone,166,139,435,353
1224.jpeg,480,640,drone,149,164,379,394
31.jpeg,640,480,drone,73,221,479,456
1227.jpeg,640,480,drone,195,171,474,402
1303.jpeg,640,480,drone,222,141,447,355
1086.jpeg,480,640,drone,196,285,402,519
1447.jpeg,640,480,drone,213,157,438,400
825.jpeg,640,480,drone,109,209,401,404
388.jpeg,640,480,drone,202,194,462,412
672.jpeg,640,480,drone,86,197,382,418
1151.jpeg,480,640,drone,136,186,351,407
359.jpeg,640,480,drone,55,162,514,411
1103.jpeg,640,480,drone,325,121,587,342
444.jpeg,480,640,drone,128,192,320,435
220.jpeg,640,480,drone,233,251,409,384
1386.jpeg,640,480,drone,205,151,431,394
983.jpeg,640,480,drone,261,238,421,381
21.jpeg,640,480,drone,137,217,411,427
738.jpeg,480,640,drone,113,201,306,435
1365.jpeg,480,640,drone,136,175,404,386
1070.jpeg,480,640,drone,136,258,317,456
151.jpeg,480,640,drone,253,246,467,567
1135.jpeg,480,640,drone,114,197,337,495
423.jpeg,640,480,drone,172,222,408,426
1693.jpeg,480,640,drone,145,210,364,424
509.jpeg,640,480,drone,148,233,404,450
1289.jpeg,480,640,drone,125,210,351,482
1568.jpeg,480,640,drone,118,203,373,422
1252.jpeg,640,480,drone,239,111,448,385
1156.jpeg,640,480,drone,212,169,446,393
455.jpeg,480,640,drone,131,244,238,421
1495.jpeg,480,640,drone,80,201,309,464
59.jpeg,640,480,drone,105,179,516,396
845.jpeg,640,480,drone,258,217,482,419
574.jpeg,640,480,drone,140,185,500,433
776.jpeg,640,480,drone,237,227,429,371
1234.jpeg,640,480,drone,180,160,468,396
606.jpeg,640,480,drone,202,214,428,406
1344.jpeg,480,640,drone,90,225,366,445
464.jpeg,480,640,drone,114,99,342,400
383.jpeg,640,480,drone,222,260,419,361
894.jpeg,480,640,drone,242,220,461,498
449.jpeg,640,480,drone,277,209,413,329
1107.jpeg,640,480,drone,189,140,414,347
445.jpeg,640,480,drone,177,154,438,403
109.jpeg,640,480,drone,189,107,481,350
20.jpeg,640,480,drone,334,313,466,384
1191.jpeg,480,640,drone,126,213,349,478
1703.jpeg,480,640,drone,120,231,364,447
725.jpeg,480,640,drone,93,156,264,523
1570.jpeg,640,480,drone,251,145,465,389
97.jpeg,480,640,drone,168,184,437,489
68.jpeg,640,480,drone,214,244,448,442
202.jpeg,480,640,drone,61,208,402,466
1415.jpeg,480,640,drone,129,193,343,410
1149.jpeg,480,640,drone,144,231,351,435
1255.jpeg,480,640,drone,101,250,328,466
1084.jpeg,480,640,drone,83,61,298,317
261.jpeg,640,480,drone,91,187,419,454
1146.jpeg,480,640,drone,142,144,365,442
1034.jpeg,480,640,drone,63,128,304,461
1559.jpeg,640,480,drone,238,120,449,373
1117.jpeg,480,640,drone,134,222,361,440
1323.jpeg,640,480,drone,249,125,502,338
442.jpeg,640,480,drone,101,237,372,424
1612.jpeg,480,640,drone,113,203,379,422
332.jpeg,480,640,drone,115,193,355,508
569.jpeg,640,480,drone,255,175,477,382
607.jpeg,640,480,drone,135,221,419,469
1244.jpeg,480,640,drone,112,215,376,465
404.jpeg,640,480,drone,201,232,445,415
1499.jpeg,640,480,drone,223,128,446,371
421.jpeg,480,640,drone,160,240,409,434
354.jpeg,480,640,drone,218,221,422,444
840.jpeg,640,480,drone,198,216,420,473
92.jpeg,480,640,drone,77,227,430,639
1033.jpeg,480,640,drone,160,161,335,401
513.jpeg,480,640,drone,86,145,363,394
1553.jpeg,640,480,drone,212,165,444,398
1231.jpeg,480,640,drone,113,185,347,431
751.jpeg,640,480,drone,127,199,538,479
126.jpeg,480,640,drone,183,61,407,396
288.jpeg,480,640,drone,214,214,334,369
1591.jpeg,640,480,drone,215,145,429,364
603.jpeg,640,480,drone,141,164,449,363
1335.jpeg,480,640,drone,142,182,372,447
496.jpeg,640,480,drone,215,188,539,460
73.jpeg,480,640,drone,122,295,424,558
1697.jpeg,640,480,drone,204,157,451,406
1260.jpeg,480,640,drone,93,193,384,405
673.jpeg,480,640,drone,65,175,307,481
635.jpeg,640,480,drone,119,198,355,371
741.jpeg,640,480,drone,300,65,584,372
1557.jpeg,640,480,drone,190,142,504,364
1246.jpeg,640,480,drone,192,171,479,404
1473.jpeg,640,480,drone,199,134,417,361
587.jpeg,640,480,drone,176,141,455,358
743.jpeg,640,480,drone,174,196,466,371
715.jpeg,640,480,drone,124,157,422,427
891.jpeg,640,480,drone,111,178,347,387
1540.jpeg,480,640,drone,131,209,440,426
1450.jpeg,640,480,drone,205,155,432,388
40.jpeg,480,640,drone,225,285,410,491
208.jpeg,480,640,drone,53,36,295,366
1638.jpeg,480,640,drone,79,213,322,438
697.jpeg,640,480,drone,222,118,464,320
1632.jpeg,640,480,drone,239,120,516,335
350.jpeg,640,480,drone,215,185,537,469
1492.jpeg,640,480,drone,193,95,405,386
596.jpeg,480,640,drone,99,235,336,473
1592.jpeg,640,480,drone,266,111,489,370
1267.jpeg,480,640,drone,169,189,394,429
66.jpeg,480,640,drone,183,327,405,603
735.jpeg,640,480,drone,132,183,429,395
223.jpeg,640,480,drone,176,118,501,366
717.jpeg,640,480,drone,159,158,360,365
243.jpeg,480,640,drone,219,203,330,361
167.jpeg,640,480,drone,217,138,502,383
1457.jpeg,640,480,drone,183,160,464,394
1077.jpeg,640,480,drone,253,184,546,407
461.jpeg,640,480,drone,107,171,427,358
1121.jpeg,480,640,drone,69,198,323,462
1533.jpeg,480,640,drone,123,132,337,393
1691.jpeg,640,480,drone,198,122,495,392
965.jpeg,640,480,drone,260,226,434,343
234.jpeg,640,480,drone,255,175,477,382
1045.jpeg,640,480,drone,247,119,470,340
919.jpeg,640,480,drone,261,32,567,355
1621.jpeg,480,640,drone,79,213,322,438
361.jpeg,480,640,drone,78,189,269,418
1471.jpeg,480,640,drone,128,262,354,486
1619.jpeg,640,480,drone,197,142,495,365
1595.jpeg,480,640,drone,115,190,379,401
1202.jpeg,480,640,drone,133,192,339,411
1068.jpeg,480,640,drone,214,265,314,384
916.jpeg,480,640,drone,226,181,409,443
645.jpeg,480,640,drone,58,142,291,414
601.jpeg,480,640,drone,135,248,243,409
312.jpeg,480,640,drone,114,226,282,470
1150.jpeg,480,640,drone,132,204,368,459
629.jpeg,640,480,drone,313,131,503,286
74.jpeg,480,640,drone,50,206,248,432
1188.jpeg,640,480,drone,193,108,407,374
1581.jpeg,480,640,drone,122,209,341,463
675.jpeg,640,480,drone,189,210,418,401
1304.jpeg,480,640,drone,139,260,347,486
443.jpeg,640,480,drone,205,183,529,442
430.jpeg,640,480,drone,223,114,464,324
1333.jpeg,640,480,drone,238,115,449,379
1628.jpeg,640,480,drone,216,141,428,369
1092.jpeg,640,480,drone,270,213,396,353
1401.jpeg,480,640,drone,126,211,448,426
1158.jpeg,640,480,drone,177,132,439,369
666.jpeg,480,640,drone,75,36,263,402
531.jpeg,640,480,drone,128,181,550,447
258.jpeg,640,480,drone,179,134,443,323
1687.jpeg,640,480,drone,215,145,429,364
972.jpeg,480,640,drone,237,199,357,384
1488.jpeg,640,480,drone,170,117,428,372
1000.jpeg,480,640,drone,50,217,289,403
904.jpeg,480,640,drone,90,38,337,305
1299.jpeg,640,480,drone,204,127,425,427
505.jpeg,480,640,drone,133,182,471,582
600.jpeg,640,480,drone,119,156,459,380
46.jpeg,640,480,drone,156,170,456,357
1670.jpeg,480,640,drone,145,174,389,388
1175.jpeg,640,480,drone,189,159,454,391
616.jpeg,640,480,drone,259,233,426,354
1356.jpeg,480,640,drone,122,214,392,423
610.jpeg,640,480,drone,248,236,409,344
924.jpeg,640,480,drone,129,141,358,349
830.jpeg,480,640,drone,57,115,265,516
707.jpeg,480,640,drone,115,238,262,394
1078.jpeg,480,640,drone,31,102,337,472
1226.jpeg,640,480,drone,173,117,425,371
1286.jpeg,640,480,drone,195,171,474,402
157.jpeg,640,480,drone,196,181,464,373
164.jpeg,480,640,drone,196,242,381,438
196.jpeg,640,480,drone,79,184,361,479
654.jpeg,640,480,drone,194,147,474,349
1476.jpeg,640,480,drone,191,147,422,351
1549.jpeg,640,480,drone,200,119,414,376
529.jpeg,640,480,drone,232,179,469,380
1210.jpeg,480,640,drone,171,160,404,447
1338.jpeg,640,480,drone,192,140,411,346
978.jpeg,480,640,drone,156,179,345,443
320.jpeg,640,480,drone,104,191,495,412
1438.jpeg,640,480,drone,222,141,447,355
329.jpeg,640,480,drone,246,238,415,345
264.jpeg,640,480,drone,124,205,358,394
25.jpeg,480,640,drone,166,120,433,463
1279.jpeg,640,480,drone,232,136,453,351
1308.jpeg,640,480,drone,205,155,432,388
17.jpeg,480,640,drone,120,151,313,391
1531.jpeg,480,640,drone,60,175,415,417
1197.jpeg,640,480,drone,199,142,449,370
1287.jpeg,640,480,drone,215,137,438,352
1474.jpeg,480,640,drone,114,182,383,502
805.jpeg,480,640,drone,242,202,388,381
568.jpeg,480,640,drone,68,171,376,422
767.jpeg,640,480,drone,220,157,479,375
1016.jpeg,640,480,drone,66,168,368,395
814.jpeg,640,480,drone,96,209,446,449
347.jpeg,480,640,drone,75,109,270,401
1280.jpeg,480,640,drone,160,171,396,459
1696.jpeg,640,480,drone,257,131,490,339
144.jpeg,640,480,drone,92,227,366,441
1263.jpeg,640,480,drone,185,140,417,347
1037.jpeg,480,640,drone,210,225,387,416
1396.jpeg,640,480,drone,193,108,407,374
1451.jpeg,480,640,drone,113,185,347,431
728.jpeg,640,480,drone,149,232,390,445
1241.jpeg,640,480,drone,197,128,495,384
1240.jpeg,640,480,drone,198,170,469,401
1192.jpeg,640,480,drone,212,169,446,393
303.jpeg,640,480,drone,124,174,409,386
289.jpeg,480,640,drone,202,269,405,482
1269.jpeg,640,480,drone,200,125,415,370
590.jpeg,480,640,drone,153,182,369,511
155.jpeg,640,480,drone,92,44,527,422
463.jpeg,640,480,drone,310,144,466,286
852.jpeg,640,480,drone,206,213,417,405
1583.jpeg,640,480,drone,175,79,419,405
437.jpeg,640,480,drone,62,100,447,368
1059.jpeg,640,480,drone,172,199,394,407
259.jpeg,640,480,drone,121,186,478,360
375.jpeg,480,640,drone,162,201,399,552
886.jpeg,640,480,drone,254,231,402,360
1624.jpeg,640,480,drone,151,115,445,378
1637.jpeg,640,480,drone,237,129,449,361
515.jpeg,480,640,drone,48,34,301,363
1205.jpeg,640,480,drone,213,157,438,400
9.jpeg,480,640,drone,258,199,382,381
1330.jpeg,480,640,drone,142,144,365,442
1065.jpeg,640,480,drone,214,244,448,442
1478.jpeg,480,640,drone,141,192,355,417
1064.jpeg,640,480,drone,200,167,395,358
1038.jpeg,640,480,drone,110,144,426,360
732.jpeg,480,640,drone,247,181,446,515
1363.jpeg,640,480,drone,235,137,450,351
132.jpeg,640,480,drone,205,146,564,439
1617.jpeg,480,640,drone,96,205,320,433
882.jpeg,640,480,drone,165,217,434,439
1657.jpeg,640,480,drone,165,117,433,373
1341.jpeg,640,480,drone,222,141,447,355
790.jpeg,640,480,drone,232,179,469,380
535.jpeg,640,480,drone,206,213,417,405
1225.jpeg,480,640,drone,134,261,350,486
1475.jpeg,640,480,drone,197,142,495,365
622.jpeg,640,480,drone,166,149,392,459
241.jpeg,640,480,drone,19,161,278,404
901.jpeg,640,480,drone,141,163,373,358
1616.jpeg,480,640,drone,124,222,338,447
1395.jpeg,480,640,drone,115,215,334,429
713.jpeg,480,640,drone,187,204,407,475
824.jpeg,480,640,drone,121,128,366,408
79.jpeg,480,640,drone,75,185,311,426
1684.jpeg,480,640,drone,79,213,322,438
1309.jpeg,480,640,drone,53,211,330,440
8.jpeg,480,640,drone,73,208,254,427
1062.jpeg,640,480,drone,230,187,439,392
1543.jpeg,480,640,drone,131,196,370,466
192.jpeg,640,480,drone,17,140,422,387
1003.jpeg,480,640,drone,157,132,330,420
1284.jpeg,640,480,drone,211,153,441,419
270.jpeg,480,640,drone,140,159,399,391
117.jpeg,480,640,drone,120,147,331,361
301.jpeg,640,480,drone,95,245,380,430
1142.jpeg,480,640,drone,134,222,361,440
34.jpeg,640,480,drone,261,237,431,357
1496.jpeg,640,480,drone,197,142,495,365
1542.jpeg,640,480,drone,198,122,495,392
1521.jpeg,640,480,drone,173,117,425,371
166.jpeg,640,480,drone,4,161,321,415
874.jpeg,640,480,drone,121,115,454,357
1428.jpeg,640,480,drone,204,124,405,371
1504.jpeg,640,480,drone,222,141,447,355
964.jpeg,640,480,drone,182,184,466,337
1653.jpeg,640,480,drone,196,159,445,388
734.jpeg,640,480,drone,146,164,449,393
1154.jpeg,480,640,drone,128,235,342,450
1655.jpeg,640,480,drone,175,141,524,364
1076.jpeg,640,480,drone,230,192,441,382
1515.jpeg,480,640,drone,125,206,344,449
1285.jpeg,640,480,drone,212,169,446,393
344.jpeg,640,480,drone,311,170,468,309
394.jpeg,640,480,drone,83,181,335,415
1326.jpeg,640,480,drone,200,108,413,387
967.jpeg,480,640,drone,155,282,345,491
591.jpeg,480,640,drone,154,205,356,492
1189.jpeg,640,480,drone,256,119,461,435
69.jpeg,480,640,drone,156,235,352,479
1469.jpeg,640,480,drone,212,169,446,393
1643.jpeg,640,480,drone,253,136,464,404
1008.jpeg,480,640,drone,167,180,378,499
714.jpeg,480,640,drone,123,148,321,414
1665.jpeg,640,480,drone,254,128,463,418
887.jpeg,640,480,drone,185,174,412,362
1512.jpeg,480,640,drone,136,175,404,386
282.jpeg,480,640,drone,120,133,299,466
851.jpeg,640,480,drone,122,220,511,419
156.jpeg,480,640,drone,161,219,359,499
419.jpeg,640,480,drone,279,211,429,358
1104.jpeg,480,640,drone,155,207,388,434
981.jpeg,640,480,drone,78,164,305,383
765.jpeg,480,640,drone,170,311,309,468
1460.jpeg,640,480,drone,172,141,529,364
783.jpeg,640,480,drone,225,251,416,416
1623.jpeg,640,480,drone,193,159,450,389
1393.jpeg,640,480,drone,205,132,426,420
267.jpeg,480,640,drone,158,70,377,318
19.jpeg,480,640,drone,62,195,258,439
348.jpeg,640,480,drone,208,190,484,398
185.jpeg,640,480,drone,199,181,459,372
13.jpeg,640,480,drone,101,237,372,424
1627.jpeg,640,480,drone,260,132,486,340
962.jpeg,640,480,drone,219,195,463,389
10.jpeg,480,640,drone,181,223,404,510
263.jpeg,640,480,drone,19,161,278,404
571.jpeg,480,640,drone,53,36,295,366
721.jpeg,640,480,drone,234,239,450,382
994.jpeg,640,480,drone,211,203,502,367
85.jpeg,640,480,drone,98,157,426,438
141.jpeg,480,640,drone,40,165,262,434
1383.jpeg,640,480,drone,250,151,466,378
1217.jpeg,640,480,drone,213,130,478,353
712.jpeg,640,480,drone,257,161,519,391
503.jpeg,640,480,drone,244,234,410,344
1430.jpeg,480,640,drone,112,216,355,437
1133.jpeg,640,480,drone,215,145,429,364
903.jpeg,640,480,drone,84,186,338,411
1264.jpeg,640,480,drone,213,149,435,411
1271.jpeg,480,640,drone,157,196,411,427
1487.jpeg,480,640,drone,144,139,383,408
869.jpeg,640,480,drone,118,139,450,365
993.jpeg,480,640,drone,112,266,376,565
1361.jpeg,640,480,drone,197,142,495,365
979.jpeg,640,480,drone,2,176,264,411
667.jpeg,640,480,drone,222,238,404,395
1688.jpeg,640,480,drone,214,120,427,457
211.jpeg,640,480,drone,124,190,404,392
1044.jpeg,640,480,drone,245,180,444,374
750.jpeg,640,480,drone,254,226,379,358
1514.jpeg,640,480,drone,170,140,431,352
1602.jpeg,640,480,drone,199,134,417,361
415.jpeg,640,480,drone,166,202,433,431
410.jpeg,640,480,drone,201,173,435,366
782.jpeg,640,480,drone,182,230,447,439
494.jpeg,480,640,drone,46,186,297,509
704.jpeg,480,640,drone,176,375,411,637
172.jpeg,640,480,drone,139,158,440,377
143.jpeg,640,480,drone,231,121,511,366
1094.jpeg,640,480,drone,150,208,394,448
322.jpeg,640,480,drone,211,217,439,399
966.jpeg,640,480,drone,245,100,436,284
1375.jpeg,480,640,drone,137,201,352,424
775.jpeg,640,480,drone,70,174,466,424
1293.jpeg,640,480,drone,215,137,438,352
1597.jpeg,480,640,drone,117,211,372,469
541.jpeg,480,640,drone,130,156,401,452
897.jpeg,640,480,drone,196,171,423,385
662.jpeg,640,480,drone,112,193,415,420
72.jpeg,480,640,drone,256,217,392,408
853.jpeg,640,480,drone,251,184,551,407
56.jpeg,640,480,drone,120,196,568,438
262.jpeg,480,640,drone,120,45,362,517
785.jpeg,480,640,drone,191,81,396,462
933.jpeg,640,480,drone,267,252,454,428
1179.jpeg,640,480,drone,205,159,433,383
958.jpeg,640,480,drone,293,173,448,311
883.jpeg,640,480,drone,274,155,430,336
976.jpeg,640,480,drone,344,95,601,411
519.jpeg,480,640,drone,88,117,334,457
1187.jpeg,480,640,drone,142,190,370,440
844.jpeg,480,640,drone,70,148,251,411
833.jpeg,640,480,drone,119,193,574,378
1002.jpeg,640,480,drone,151,209,421,391
335.jpeg,480,640,drone,144,173,286,329
1294.jpeg,640,480,drone,213,157,438,400
330.jpeg,480,640,drone,211,244,357,369
427.jpeg,480,640,drone,234,207,442,479
842.jpeg,640,480,drone,300,53,540,275
758.jpeg,480,640,drone,22,182,286,510
1481.jpeg,480,640,drone,100,147,364,449
821.jpeg,640,480,drone,254,231,402,360
818.jpeg,640,480,drone,104,189,391,385
194.jpeg,480,640,drone,118,150,325,501
944.jpeg,640,480,drone,73,168,407,448
227.jpeg,640,480,drone,97,111,523,360
378.jpeg,480,640,drone,72,164,292,435
1359.jpeg,640,480,drone,210,128,482,354
1095.jpeg,480,640,drone,172,162,410,529
176.jpeg,640,480,drone,249,63,558,320
550.jpeg,640,480,drone,161,193,494,335
1301.jpeg,640,480,drone,192,140,411,346
527.jpeg,480,640,drone,98,138,296,544
1360.jpeg,480,640,drone,132,174,357,448
1507.jpeg,640,480,drone,216,131,474,353
266.jpeg,640,480,drone,259,166,457,325
643.jpeg,640,480,drone,195,218,418,422
325.jpeg,480,640,drone,236,249,382,431
1695.jpeg,480,640,drone,160,175,394,456
858.jpeg,640,480,drone,238,116,490,328
831.jpeg,480,640,drone,56,232,335,530
982.jpeg,480,640,drone,199,178,388,479
1276.jpeg,640,480,drone,198,111,495,407
518.jpeg,640,480,drone,322,96,524,321
876.jpeg,480,640,drone,204,263,408,523
984.jpeg,640,480,drone,138,192,404,392
382.jpeg,640,480,drone,142,194,472,410
558.jpeg,640,480,drone,234,44,617,347
764.jpeg,640,480,drone,300,93,580,323
245.jpeg,640,480,drone,113,232,450,478
794.jpeg,640,480,drone,135,200,378,385
1642.jpeg,640,480,drone,156,115,440,376
680.jpeg,640,480,drone,154,119,347,395
476.jpeg,480,640,drone,77,84,305,495
321.jpeg,640,480,drone,128,153,457,369
1162.jpeg,480,640,drone,132,169,353,420
1467.jpeg,640,480,drone,215,137,438,352
153.jpeg,480,640,drone,110,198,297,426
283.jpeg,480,640,drone,170,311,309,468
1058.jpeg,640,480,drone,116,161,460,406
1040.jpeg,640,480,drone,199,189,451,402
880.jpeg,640,480,drone,209,205,357,406
1069.jpeg,640,480,drone,205,191,490,399
1525.jpeg,640,480,drone,260,132,486,340
561.jpeg,480,640,drone,220,146,386,325
1173.jpeg,480,640,drone,137,194,353,430
1310.jpeg,640,480,drone,137,114,457,383
336.jpeg,640,480,drone,256,232,409,363
760.jpeg,640,480,drone,76,211,418,402
726.jpeg,640,480,drone,178,173,470,394
268.jpeg,640,480,drone,205,183,529,442
285.jpeg,640,480,drone,238,229,427,365
351.jpeg,640,480,drone,255,158,430,304
1268.jpeg,480,640,drone,107,192,337,457
1491.jpeg,640,480,drone,189,159,454,391
1648.jpeg,640,480,drone,174,99,422,387
251.jpeg,480,640,drone,44,113,296,383
698.jpeg,480,640,drone,190,201,402,425
1485.jpeg,640,480,drone,219,141,450,355
1180.jpeg,640,480,drone,213,145,434,419
1170.jpeg,640,480,drone,200,119,414,376
76.jpeg,640,480,drone,111,144,428,368
247.jpeg,480,640,drone,129,205,427,557
1536.jpeg,640,480,drone,212,169,446,393
1402.jpeg,480,640,drone,169,193,393,427
865.jpeg,640,480,drone,241,100,534,336
720.jpeg,640,480,drone,138,135,529,450
1435.jpeg,480,640,drone,78,210,322,442
1604.jpeg,480,640,drone,108,173,362,425
1122.jpeg,480,640,drone,139,204,353,473
349.jpeg,640,480,drone,81,186,412,427
53.jpeg,480,640,drone,66,85,332,463
358.jpeg,480,640,drone,209,322,405,513
1389.jpeg,640,480,drone,180,132,435,368
179.jpeg,640,480,drone,120,132,445,358
1199.jpeg,640,480,drone,197,142,495,365
1128.jpeg,640,480,drone,192,140,411,346
555.jpeg,640,480,drone,245,221,408,362
1439.jpeg,640,480,drone,213,157,438,400
691.jpeg,640,480,drone,204,229,396,376
318.jpeg,640,480,drone,116,221,344,418
440.jpeg,640,480,drone,98,157,426,438
291.jpeg,640,480,drone,76,151,473,415
1171.jpeg,480,640,drone,147,155,381,399
1026.jpeg,640,480,drone,245,184,570,407
1603.jpeg,640,480,drone,250,151,466,378
1043.jpeg,640,480,drone,199,235,406,382
636.jpeg,640,480,drone,261,252,423,375
374.jpeg,640,480,drone,179,106,444,346
485.jpeg,640,480,drone,148,143,484,361
38.jpeg,640,480,drone,176,166,519,433
564.jpeg,480,640,drone,144,164,287,489
1306.jpeg,640,480,drone,204,148,409,347
128.jpeg,480,640,drone,75,202,258,444
160.jpeg,640,480,drone,119,156,459,380
498.jpeg,480,640,drone,77,256,232,415
1690.jpeg,640,480,drone,205,108,402,387
898.jpeg,640,480,drone,117,127,351,328
450.jpeg,640,480,drone,104,191,495,412
615.jpeg,480,640,drone,226,205,343,379
55.jpeg,640,480,drone,49,150,305,380
334.jpeg,480,640,drone,130,135,324,342
999.jpeg,640,480,drone,249,63,558,320
1136.jpeg,640,480,drone,205,129,406,365
406.jpeg,480,640,drone,96,228,286,445
620.jpeg,480,640,drone,68,84,293,338
462.jpeg,480,640,drone,117,245,258,408
119.jpeg,640,480,drone,430,268,605,426
420.jpeg,640,480,drone,212,177,432,428
661.jpeg,640,480,drone,151,186,467,373
1461.jpeg,640,480,drone,212,162,444,404
508.jpeg,480,640,drone,205,281,394,515
1520.jpeg,640,480,drone,235,137,450,351
171.jpeg,480,640,drone,103,156,314,385
297.jpeg,480,640,drone,156,133,413,438
1272.jpeg,640,480,drone,250,151,466,378
682.jpeg,640,480,drone,120,100,453,422
1174.jpeg,640,480,drone,200,119,414,376
414.jpeg,640,480,drone,140,185,500,433
1599.jpeg,640,480,drone,204,148,409,347
1541.jpeg,480,640,drone,112,206,335,440
580.jpeg,640,480,drone,119,201,417,411
1168.jpeg,640,480,drone,215,137,438,352
1088.jpeg,640,480,drone,125,200,416,448
93.jpeg,640,480,drone,217,188,465,393
932.jpeg,640,480,drone,114,181,346,419
1358.jpeg,640,480,drone,200,108,413,387
1232.jpeg,640,480,drone,200,119,414,376
103.jpeg,640,480,drone,77,176,558,461
470.jpeg,480,640,drone,176,375,411,637
1353.jpeg,640,480,drone,215,145,429,364
1118.jpeg,640,480,drone,156,115,440,376
131.jpeg,480,640,drone,101,237,244,438
319.jpeg,480,640,drone,116,104,343,397
493.jpeg,640,480,drone,127,200,492,416
308.jpeg,480,640,drone,171,164,387,533
226.jpeg,640,480,drone,124,190,404,392
1362.jpeg,640,480,drone,235,137,450,351
290.jpeg,640,480,drone,259,233,424,354
1503.jpeg,480,640,drone,137,189,351,404
800.jpeg,480,640,drone,169,273,371,498
1265.jpeg,640,480,drone,224,123,446,377
716.jpeg,640,480,drone,50,196,603,467
991.jpeg,640,480,drone,217,194,405,368
1100.jpeg,640,480,drone,152,205,483,382
229.jpeg,640,480,drone,79,170,307,380
395.jpeg,640,480,drone,111,177,381,442
987.jpeg,640,480,drone,101,225,383,426
1116.jpeg,640,480,drone,200,108,413,387
1518.jpeg,640,480,drone,201,96,411,399
1110.jpeg,640,480,drone,237,146,490,382
1680.jpeg,640,480,drone,197,142,495,365
1253.jpeg,480,640,drone,123,132,337,393
32.jpeg,640,480,drone,86,197,382,418
657.jpeg,640,480,drone,275,137,415,324
239.jpeg,480,640,drone,234,240,454,485
634.jpeg,640,480,drone,298,364,405,427
1669.jpeg,480,640,drone,127,215,342,438
1408.jpeg,640,480,drone,222,141,447,355
315.jpeg,640,480,drone,200,216,433,408
878.jpeg,480,640,drone,89,112,333,312
346.jpeg,640,480,drone,255,69,441,305
1639.jpeg,640,480,drone,170,140,431,352
1631.jpeg,640,480,drone,223,137,446,360
379.jpeg,640,480,drone,132,186,350,386
389.jpeg,640,480,drone,203,223,451,402
231.jpeg,640,480,drone,204,229,396,376
846.jpeg,480,640,drone,240,231,397,418
26.jpeg,640,480,drone,152,155,437,365
1147.jpeg,640,480,drone,190,142,504,364
438.jpeg,480,640,drone,1,139,260,393
1161.jpeg,640,480,drone,204,144,408,351
1277.jpeg,640,480,drone,199,160,441,385
688.jpeg,640,480,drone,237,235,438,378
1029.jpeg,640,480,drone,131,184,463,404
197.jpeg,480,640,drone,194,183,377,469
296.jpeg,640,480,drone,97,186,472,413
1282.jpeg,640,480,drone,193,102,406,380
848.jpeg,480,640,drone,201,222,411,520
121.jpeg,640,480,drone,63,84,373,315
1317.jpeg,480,640,drone,128,235,342,450
1138.jpeg,640,480,drone,213,157,438,400
938.jpeg,640,480,drone,136,207,449,461
499.jpeg,480,640,drone,209,322,405,513
644.jpeg,480,640,drone,161,224,308,370
1700.jpeg,480,640,drone,140,228,346,447
456.jpeg,640,480,drone,84,164,391,428
1195.jpeg,640,480,drone,213,145,434,419
650.jpeg,480,640,drone,164,281,392,546
1090.jpeg,480,640,drone,70,409,254,614
295.jpeg,480,640,drone,57,41,354,392
77.jpeg,640,480,drone,170,137,514,391
656.jpeg,480,640,drone,215,313,399,522
943.jpeg,640,480,drone,151,209,421,391
1126.jpeg,640,480,drone,189,159,454,391
1105.jpeg,640,480,drone,235,137,450,351
1513.jpeg,480,640,drone,89,230,406,437
595.jpeg,480,640,drone,150,188,355,519
1354.jpeg,480,640,drone,124,222,338,447
773.jpeg,640,480,drone,227,252,418,409
52.jpeg,480,640,drone,157,132,330,420
1074.jpeg,480,640,drone,113,201,306,435
693.jpeg,640,480,drone,180,185,406,446
82.jpeg,480,640,drone,67,292,237,483
1676.jpeg,640,480,drone,235,137,450,351
633.jpeg,640,480,drone,113,178,417,423
784.jpeg,640,480,drone,287,234,441,377
651.jpeg,640,480,drone,246,123,470,334
1223.jpeg,480,640,drone,157,201,400,426
1413.jpeg,640,480,drone,215,137,438,352
215.jpeg,640,480,drone,64,193,381,385
1012.jpeg,480,640,drone,115,254,233,462
106.jpeg,480,640,drone,116,149,328,401
83.jpeg,640,480,drone,145,141,443,390
187.jpeg,640,480,drone,36,216,402,404
658.jpeg,640,480,drone,108,197,315,416
177.jpeg,480,640,drone,69,208,335,549
597.jpeg,640,480,drone,136,234,563,384
80.jpeg,640,480,drone,316,216,491,430
1486.jpeg,640,480,drone,213,145,434,419
1656.jpeg,480,640,drone,114,212,334,432
766.jpeg,640,480,drone,64,212,516,426
1482.jpeg,640,480,drone,205,108,402,387
345.jpeg,640,480,drone,15,132,346,468
1399.jpeg,640,480,drone,192,140,411,346
1522.jpeg,640,480,drone,254,128,463,418
1350.jpeg,480,640,drone,140,218,349,457
1425.jpeg,640,480,drone,165,117,433,373
49.jpeg,640,480,drone,157,83,405,372
703.jpeg,640,480,drone,129,173,385,377
1318.jpeg,480,640,drone,140,257,348,490
1380.jpeg,640,480,drone,201,170,464,399
689.jpeg,640,480,drone,97,210,396,451
64.jpeg,640,480,drone,270,156,414,302
1571.jpeg,640,480,drone,215,145,429,364
506.jpeg,640,480,drone,258,236,371,326
61.jpeg,640,480,drone,105,179,516,396
1373.jpeg,640,480,drone,223,137,446,360
1484.jpeg,480,640,drone,95,202,320,437
745.jpeg,480,640,drone,131,176,366,455
1024.jpeg,480,640,drone,45,170,311,531
1651.jpeg,640,480,drone,262,125,486,351
1216.jpeg,640,480,drone,253,132,464,411
1152.jpeg,640,480,drone,238,120,449,373
722.jpeg,640,480,drone,160,199,461,388
540.jpeg,480,640,drone,113,201,306,435
1674.jpeg,480,640,drone,141,192,355,417
857.jpeg,480,640,drone,182,185,395,472
1391.jpeg,640,480,drone,197,117,496,399
484.jpeg,640,480,drone,212,114,474,318
570.jpeg,640,480,drone,164,204,437,433
300.jpeg,640,480,drone,119,141,330,424
233.jpeg,640,480,drone,260,226,434,343
1140.jpeg,480,640,drone,115,215,334,429
1601.jpeg,480,640,drone,128,193,371,416
436.jpeg,640,480,drone,200,243,341,378
1574.jpeg,640,480,drone,177,132,439,369
1578.jpeg,640,480,drone,189,159,454,391
1445.jpeg,480,640,drone,137,198,352,427
352.jpeg,640,480,drone,279,209,408,328
60.jpeg,640,480,drone,132,185,419,387
45.jpeg,640,480,drone,123,160,494,396
1561.jpeg,640,480,drone,206,135,449,354
381.jpeg,640,480,drone,139,216,393,425
1307.jpeg,480,640,drone,112,215,376,465
1429.jpeg,640,480,drone,199,134,417,361
1182.jpeg,640,480,drone,204,148,409,347
1610.jpeg,640,480,drone,226,102,444,403
804.jpeg,640,480,drone,105,201,499,414
1281.jpeg,640,480,drone,212,169,446,393
145.jpeg,480,640,drone,232,235,343,393
272.jpeg,640,480,drone,124,160,338,408
110.jpeg,480,640,drone,128,154,364,428
214.jpeg,640,480,drone,256,170,476,394
62.jpeg,640,480,drone,99,181,409,448
543.jpeg,640,480,drone,83,130,347,418
373.jpeg,640,480,drone,200,169,439,384
51.jpeg,480,640,drone,228,205,402,406
428.jpeg,480,640,drone,98,229,337,482
1327.jpeg,640,480,drone,250,151,466,378
1683.jpeg,640,480,drone,267,107,489,376
1196.jpeg,640,480,drone,198,111,495,407
835.jpeg,480,640,drone,25,154,237,406
1675.jpeg,640,480,drone,205,134,407,360
1468.jpeg,640,480,drone,204,148,409,347
292.jpeg,640,480,drone,266,224,402,353
867.jpeg,640,480,drone,148,133,435,388
854.jpeg,480,640,drone,172,131,345,468
11.jpeg,640,480,drone,310,144,466,286
1465.jpeg,640,480,drone,213,157,438,400
929.jpeg,640,480,drone,234,189,459,375
1291.jpeg,480,640,drone,122,144,392,441
1377.jpeg,640,480,drone,192,171,479,404
1014.jpeg,640,480,drone,271,239,426,388
186.jpeg,640,480,drone,141,134,349,346
1666.jpeg,480,640,drone,86,212,310,446
1305.jpeg,640,480,drone,222,141,447,355
1127.jpeg,640,480,drone,250,151,466,378
210.jpeg,480,640,drone,151,117,352,351
1462.jpeg,640,480,drone,192,114,407,370
971.jpeg,480,640,drone,57,100,270,342
822.jpeg,640,480,drone,264,219,402,325
992.jpeg,640,480,drone,284,204,418,398
1300.jpeg,640,480,drone,195,156,466,411
457.jpeg,640,480,drone,124,174,409,386
175.jpeg,640,480,drone,118,125,371,419
542.jpeg,640,480,drone,129,173,385,377
754.jpeg,640,480,drone,110,195,500,435
1494.jpeg,640,480,drone,187,147,425,353
934.jpeg,480,640,drone,51,194,264,416
1453.jpeg,640,480,drone,215,145,429,364
1313.jpeg,480,640,drone,112,237,354,449
133.jpeg,640,480,drone,231,148,531,415
149.jpeg,640,480,drone,94,178,361,452
516.jpeg,640,480,drone,175,147,467,385
1452.jpeg,640,480,drone,199,142,449,370
951.jpeg,640,480,drone,288,171,548,395
129.jpeg,480,640,drone,86,187,477,566
586.jpeg,640,480,drone,269,236,422,405
1555.jpeg,480,640,drone,171,165,402,444
828.jpeg,640,480,drone,100,255,370,461
1547.jpeg,640,480,drone,250,151,466,378
1567.jpeg,480,640,drone,79,213,322,438
1588.jpeg,640,480,drone,215,137,438,352
1459.jpeg,640,480,drone,191,157,472,413
653.jpeg,480,640,drone,144,213,360,529
1251.jpeg,640,480,drone,165,117,433,373
746.jpeg,640,480,drone,219,112,530,473
1114.jpeg,480,640,drone,67,175,407,418
281.jpeg,640,480,drone,98,157,426,438
701.jpeg,640,480,drone,170,169,400,430
1636.jpeg,480,640,drone,126,184,332,429
1177.jpeg,640,480,drone,250,151,466,378
985.jpeg,640,480,drone,188,112,481,345
366.jpeg,640,480,drone,176,113,455,348
547.jpeg,640,480,drone,181,111,450,462
1233.jpeg,640,480,drone,256,119,461,435
683.jpeg,640,480,drone,105,209,367,382
148.jpeg,640,480,drone,162,191,427,452
769.jpeg,640,480,drone,31,166,401,467
1565.jpeg,640,480,drone,197,142,495,365
483.jpeg,640,480,drone,223,210,414,387
990.jpeg,640,480,drone,141,204,478,411
275.jpeg,480,640,drone,167,171,361,417
401.jpeg,640,480,drone,207,232,328,378
1605.jpeg,480,640,drone,141,192,355,417
1422.jpeg,640,480,drone,169,131,447,372
101.jpeg,640,480,drone,136,206,458,458
772.jpeg,480,640,drone,14,248,345,569
260.jpeg,640,480,drone,169,205,401,427
71.jpeg,640,480,drone,257,228,444,344
1085.jpeg,640,480,drone,85,190,386,405
1416.jpeg,480,640,drone,140,206,426,426
639.jpeg,640,480,drone,259,150,426,301
392.jpeg,480,640,drone,158,173,373,411
862.jpeg,640,480,drone,148,155,357,345
742.jpeg,480,640,drone,82,69,342,293
1115.jpeg,480,640,drone,122,213,340,458
1167.jpeg,640,480,drone,204,157,451,406
873.jpeg,640,480,drone,228,158,466,373
1480.jpeg,640,480,drone,239,120,516,335
135.jpeg,480,640,drone,201,222,411,520
604.jpeg,480,640,drone,156,188,343,340
602.jpeg,640,480,drone,141,115,438,353
1441.jpeg,480,640,drone,141,120,364,460
205.jpeg,640,480,drone,208,77,466,418
495.jpeg,640,480,drone,258,158,518,398
1394.jpeg,480,640,drone,122,216,346,437
1658.jpeg,640,480,drone,250,151,466,378
1506.jpeg,640,480,drone,198,122,495,392
138.jpeg,640,480,drone,105,229,354,430
974.jpeg,480,640,drone,94,97,305,521
861.jpeg,640,480,drone,149,229,466,413
1321.jpeg,640,480,drone,199,134,417,361
608.jpeg,480,640,drone,53,172,257,408
99.jpeg,480,640,drone,36,220,173,505
1432.jpeg,640,480,drone,204,157,451,406
625.jpeg,640,480,drone,245,156,568,408
1641.jpeg,640,480,drone,217,113,436,379
910.jpeg,640,480,drone,197,238,403,438
399.jpeg,640,480,drone,151,186,467,373
1178.jpeg,640,480,drone,254,129,494,338
1089.jpeg,480,640,drone,81,155,302,405
970.jpeg,640,480,drone,307,81,585,344
435.jpeg,480,640,drone,28,106,233,361
1129.jpeg,640,480,drone,196,142,452,371
276.jpeg,480,640,drone,226,228,390,413
1071.jpeg,640,480,drone,238,229,427,365
190.jpeg,480,640,drone,196,173,371,465
900.jpeg,480,640,drone,82,107,343,449
331.jpeg,480,640,drone,31,99,298,409
827.jpeg,640,480,drone,208,269,370,461
159.jpeg,480,640,drone,102,129,306,385
681.jpeg,640,480,drone,284,211,421,374
1614.jpeg,640,480,drone,260,132,486,340
956.jpeg,640,480,drone,151,172,446,356
893.jpeg,480,640,drone,239,236,460,487
343.jpeg,640,480,drone,122,120,594,362
649.jpeg,640,480,drone,220,310,511,445
1018.jpeg,480,640,drone,103,204,250,396
579.jpeg,480,640,drone,158,173,373,411
907.jpeg,640,480,drone,229,247,399,351
1022.jpeg,640,480,drone,200,216,433,408
207.jpeg,640,480,drone,140,145,463,428
740.jpeg,640,480,drone,284,216,424,354
86.jpeg,640,480,drone,151,185,491,462
849.jpeg,480,640,drone,13,150,251,393
1145.jpeg,640,480,drone,254,129,494,338
216.jpeg,480,640,drone,112,269,253,412
706.jpeg,480,640,drone,162,183,343,381
637.jpeg,480,640,drone,163,257,354,478
195.jpeg,640,480,drone,95,188,337,392
711.jpeg,640,480,drone,210,115,466,330
614.jpeg,480,640,drone,219,247,322,395
502.jpeg,480,640,drone,106,228,321,466
1337.jpeg,640,480,drone,183,141,514,364
314.jpeg,640,480,drone,161,144,401,319
279.jpeg,640,480,drone,231,256,422,392
1355.jpeg,640,480,drone,198,111,495,407
